"file_name","timestamp","byte_4","byte_4_diff","driving_state","dynamic_pattern"
"00000005-69B82FFF.MF4","318150.98024999996","0","255.0","driving","true"
"00000005-69B82FFF.MF4","318144.44615","255","255.0","driving","true"
"00000005-69B82FFF.MF4","318148.20814999996","0","255.0","driving","true"
"00000005-69B82FFF.MF4","318149.59414999996","0","255.0","driving","true"
"00000005-69B82FFF.MF4","318150.18815","255","255.0","driving","true"
"00000005-69B82FFF.MF4","318142.2682","0","255.0","driving","true"
"00000005-69B82FFF.MF4","318143.85215","0","255.0","driving","true"
"00000005-69B82FFF.MF4","318145.23815","0","255.0","driving","true"
"00000005-69B82FFF.MF4","318146.4262","255","255.0","driving","true"
"00000005-69B82FFF.MF4","317706.07655","255","255.0","driving","true"
"00000005-69B82FFF.MF4","317731.0244","0","255.0","driving","true"
"00000005-69B82FFF.MF4","317731.22239999997","255","255.0","driving","true"
"00000005-69B82FFF.MF4","317731.8164","0","255.0","driving","true"
"00000005-69B82FFF.MF4","317732.0144","255","255.0","driving","true"
"00000005-69B82FFF.MF4","317763.29985","0","255.0","driving","true"
"00000005-69B82FFF.MF4","317763.6957","255","255.0","driving","true"
"00000005-69B82FFF.MF4","318142.6642","255","255.0","driving","true"
"00000005-69B82FFF.MF4","317766.2682","255","255.0","driving","true"
"00000005-69B82FFF.MF4","317767.2582","0","255.0","driving","true"
"00000005-69B82FFF.MF4","318146.0303","0","255.0","driving","true"
"00000005-69B82FFF.MF4","317781.71359999996","0","255.0","driving","true"
"00000005-69B82FFF.MF4","317782.10959999997","255","255.0","driving","true"
"00000005-69B82FFF.MF4","317782.9016","0","255.0","driving","true"
"00000005-69B82FFF.MF4","317783.29774999997","255","255.0","driving","true"
"00000005-69B82FFF.MF4","317784.08955","0","255.0","driving","true"
"00000005-69B82FFF.MF4","317784.4841","255","255.0","driving","true"
"00000005-69B82FFF.MF4","317869.62364999996","0","255.0","driving","true"
"00000005-69B82FFF.MF4","317870.21765","255","255.0","driving","true"
"00000005-69B82FFF.MF4","317870.41565","0","255.0","driving","true"
"00000005-69B82FFF.MF4","317870.61365","255","255.0","driving","true"
"00000005-69B82FFF.MF4","317874.5736","0","255.0","driving","true"
"00000005-69B82FFF.MF4","317874.77165","255","255.0","driving","true"
"00000005-69B82FFF.MF4","317876.9511","0","255.0","driving","true"
"00000005-69B82FFF.MF4","317877.1491","255","255.0","driving","true"
"00000005-69B82FFF.MF4","317893.7795","0","255.0","driving","true"
"00000005-69B82FFF.MF4","317894.96749999997","255","255.0","driving","true"
"00000005-69B82FFF.MF4","317699.14804999996","0","255.0","driving","true"
"00000005-69B82FFF.MF4","317699.54404999997","255","255.0","driving","true"
"00000005-69B82FFF.MF4","317701.5241","0","255.0","driving","true"
"00000005-69B82FFF.MF4","317896.55309999996","255","255.0","driving","true"
"00000005-69B82FFF.MF4","317896.94895","0","255.0","driving","true"
"00000005-69B82FFF.MF4","318145.43614999996","255","255.0","driving","true"
"00000005-69B82FFF.MF4","317897.3451","0","255.0","driving","true"
"00000005-69B82FFF.MF4","317897.5432","255","255.0","driving","true"
"00000005-69B82FFF.MF4","317897.74095","0","255.0","driving","true"
"00000005-69B82FFF.MF4","317897.93895","255","255.0","driving","true"
"00000005-69B82FFF.MF4","317899.32505","0","255.0","driving","true"
"00000005-69B82FFF.MF4","317899.5231","255","255.0","driving","true"
"00000005-69B82FFF.MF4","317899.72095","0","255.0","driving","true"
"00000005-69B82FFF.MF4","317899.91894999996","255","255.0","driving","true"
"00000005-69B82FFF.MF4","317901.10695","0","255.0","driving","true"
"00000005-69B82FFF.MF4","317901.89745","255","255.0","driving","true"
"00000005-69B82FFF.MF4","317700.33619999996","0","255.0","driving","true"
"00000005-69B82FFF.MF4","317903.28345","255","255.0","driving","true"
"00000005-69B82FFF.MF4","317903.48165","0","255.0","driving","true"
"00000005-69B82FFF.MF4","317903.67945","255","255.0","driving","true"
"00000005-69B82FFF.MF4","317905.06695","0","255.0","driving","true"
"00000005-69B82FFF.MF4","317905.65945","255","255.0","driving","true"
"00000005-69B82FFF.MF4","317907.24345","0","255.0","driving","true"
"00000005-69B82FFF.MF4","317703.70204999996","0","255.0","driving","true"
"00000005-69B82FFF.MF4","317908.8274","0","255.0","driving","true"
"00000005-69B82FFF.MF4","317909.42165","255","255.0","driving","true"
"00000005-69B82FFF.MF4","317909.61939999997","0","255.0","driving","true"
"00000005-69B82FFF.MF4","317909.8174","255","255.0","driving","true"
"00000005-69B82FFF.MF4","317701.12805","255","255.0","driving","true"
"00000005-69B82FFF.MF4","317911.7974","255","255.0","driving","true"
"00000005-69B82FFF.MF4","317913.1834","0","255.0","driving","true"
"00000005-69B82FFF.MF4","317703.89999999997","255","255.0","driving","true"
"00000005-69B82FFF.MF4","317914.9654","0","255.0","driving","true"
"00000005-69B82FFF.MF4","317915.16339999996","255","255.0","driving","true"
"00000005-69B82FFF.MF4","317915.3616","0","255.0","driving","true"
"00000005-69B82FFF.MF4","317915.5609","255","255.0","driving","true"
"00000005-69B82FFF.MF4","317915.75889999996","0","255.0","driving","true"
"00000005-69B82FFF.MF4","317915.9569","255","255.0","driving","true"
"00000005-69B82FFF.MF4","317917.14485","0","255.0","driving","true"
"00000005-69B82FFF.MF4","317917.9369","255","255.0","driving","true"
"00000005-69B82FFF.MF4","317919.12484999996","0","255.0","driving","true"
"00000005-69B82FFF.MF4","317919.91685","255","255.0","driving","true"
"00000005-69B82FFF.MF4","317920.70735","0","255.0","driving","true"
"00000005-69B82FFF.MF4","317921.3015","255","255.0","driving","true"
"00000005-69B82FFF.MF4","317921.49935","0","255.0","driving","true"
"00000005-69B82FFF.MF4","317921.69735","255","255.0","driving","true"
"00000005-69B82FFF.MF4","317921.89535","0","255.0","driving","true"
"00000005-69B82FFF.MF4","317922.09335","255","255.0","driving","true"
"00000005-69B82FFF.MF4","317923.2831","0","255.0","driving","true"
"00000005-69B82FFF.MF4","317705.87854999996","0","255.0","driving","true"
"00000005-69B82FFF.MF4","317767.45619999996","255","255.0","driving","true"
"00000005-69B82FFF.MF4","317926.05335","255","255.0","driving","true"
"00000005-69B82FFF.MF4","317926.84534999996","0","255.0","driving","true"
"00000005-69B82FFF.MF4","317927.43935","255","255.0","driving","true"
"00000005-69B82FFF.MF4","317927.63735","0","255.0","driving","true"
"00000005-69B82FFF.MF4","317927.83535","255","255.0","driving","true"
"00000005-69B82FFF.MF4","317928.03335","0","255.0","driving","true"
"00000005-69B82FFF.MF4","317928.23154999997","255","255.0","driving","true"
"00000005-69B82FFF.MF4","317929.4193","0","255.0","driving","true"
"00000005-69B82FFF.MF4","317930.0133","255","255.0","driving","true"
"00000005-69B82FFF.MF4","317931.20145","0","255.0","driving","true"
"00000005-69B82FFF.MF4","317701.72205","255","255.0","driving","true"
"00000005-69B82FFF.MF4","317932.98329999996","0","255.0","driving","true"
"00000005-69B82FFF.MF4","317933.5773","255","255.0","driving","true"
"00000005-69B82FFF.MF4","317933.7753","0","255.0","driving","true"
"00000005-69B82FFF.MF4","317933.9733","255","255.0","driving","true"
"00000005-69B82FFF.MF4","317935.16154999996","0","255.0","driving","true"
"00000005-69B82FFF.MF4","317935.95475","255","255.0","driving","true"
"00000005-69B82FFF.MF4","317936.74675","0","255.0","driving","true"
"00000005-69B82FFF.MF4","317937.53875","255","255.0","driving","true"
"00000005-69B82FFF.MF4","317937.73675","0","255.0","driving","true"
"00000005-69B82FFF.MF4","317937.93474999996","255","255.0","driving","true"
"00000005-69B82FFF.MF4","317938.13295","0","255.0","driving","true"
"00000005-69B82FFF.MF4","317938.33084999997","255","255.0","driving","true"
"00000005-69B82FFF.MF4","317939.12289999996","0","255.0","driving","true"
"00000005-69B82FFF.MF4","317939.32084999996","255","255.0","driving","true"
"00000005-69B82FFF.MF4","317939.51875","0","255.0","driving","true"
"00000005-69B82FFF.MF4","317939.71674999996","255","255.0","driving","true"
"00000005-69B82FFF.MF4","317940.11134999996","0","255.0","driving","true"
"00000005-69B82FFF.MF4","317940.70584999997","255","255.0","driving","true"
"00000005-69B82FFF.MF4","317941.69675","0","255.0","driving","true"
"00000005-69B82FFF.MF4","317942.09284999996","255","255.0","driving","true"
"00000005-69B82FFF.MF4","317942.68675","0","255.0","driving","true"
"00000005-69B82FFF.MF4","317943.08295","255","255.0","driving","true"
"00000005-69B82FFF.MF4","317943.28085","0","255.0","driving","true"
"00000005-69B82FFF.MF4","317943.47875","255","255.0","driving","true"
"00000005-69B82FFF.MF4","317943.67525","0","255.0","driving","true"
"00000005-69B82FFF.MF4","317944.07135","255","255.0","driving","true"
"00000005-69B82FFF.MF4","317944.26925","0","255.0","driving","true"
"00000005-69B82FFF.MF4","317944.4672","255","255.0","driving","true"
"00000005-69B82FFF.MF4","317945.2592","0","255.0","driving","true"
"00000005-69B82FFF.MF4","317945.45725","255","255.0","driving","true"
"00000005-69B82FFF.MF4","317946.05134999997","0","255.0","driving","true"
"00000005-69B82FFF.MF4","317946.44724999997","255","255.0","driving","true"
"00000005-69B82FFF.MF4","317947.63519999996","0","255.0","driving","true"
"00000005-69B82FFF.MF4","317948.2292","255","255.0","driving","true"
"00000005-69B82FFF.MF4","317949.02135","0","255.0","driving","true"
"00000005-69B82FFF.MF4","317949.2192","255","255.0","driving","true"
"00000005-69B82FFF.MF4","317949.41719999997","0","255.0","driving","true"
"00000005-69B82FFF.MF4","317949.6152","255","255.0","driving","true"
"00000005-69B82FFF.MF4","317949.8132","0","255.0","driving","true"
"00000005-69B82FFF.MF4","317950.2092","255","255.0","driving","true"
"00000005-69B82FFF.MF4","317951.00135","0","255.0","driving","true"
"00000005-69B82FFF.MF4","317951.1992","255","255.0","driving","true"
"00000005-69B82FFF.MF4","317951.3972","0","255.0","driving","true"
"00000005-69B82FFF.MF4","317951.5952","255","255.0","driving","true"
"00000005-69B82FFF.MF4","317951.7932","0","255.0","driving","true"
"00000005-69B82FFF.MF4","317952.7832","255","255.0","driving","true"
"00000005-69B82FFF.MF4","317953.3772","0","255.0","driving","true"
"00000005-69B82FFF.MF4","317953.97135","255","255.0","driving","true"
"00000005-69B82FFF.MF4","317955.16065","0","255.0","driving","true"
"00000005-69B82FFF.MF4","317955.3588","255","255.0","driving","true"
"00000005-69B82FFF.MF4","317955.55665","0","255.0","driving","true"
"00000005-69B82FFF.MF4","317704.88855","0","255.0","driving","true"
"00000005-69B82FFF.MF4","317766.07019999996","0","255.0","driving","true"
"00000005-69B82FFF.MF4","317956.94295","255","255.0","driving","true"
"00000005-69B82FFF.MF4","317957.73465","0","255.0","driving","true"
"00000005-69B82FFF.MF4","317958.13065","255","255.0","driving","true"
"00000005-69B82FFF.MF4","317958.32875","0","255.0","driving","true"
"00000005-69B82FFF.MF4","317958.52665","255","255.0","driving","true"
"00000005-69B82FFF.MF4","317958.92274999997","0","255.0","driving","true"
"00000005-69B82FFF.MF4","317959.12065","255","255.0","driving","true"
"00000005-69B82FFF.MF4","317959.31875","0","255.0","driving","true"
"00000005-69B82FFF.MF4","317959.51665","255","255.0","driving","true"
"00000005-69B82FFF.MF4","317960.11065","0","255.0","driving","true"
"00000005-69B82FFF.MF4","317962.28875","255","255.0","driving","true"
"00000005-69B82FFF.MF4","317963.67315","0","255.0","driving","true"
"00000005-69B82FFF.MF4","317964.2671","255","255.0","driving","true"
"00000005-69B82FFF.MF4","317964.4651","0","255.0","driving","true"
"00000005-69B82FFF.MF4","317964.6631","255","255.0","driving","true"
"00000005-69B82FFF.MF4","317964.86134999996","0","255.0","driving","true"
"00000005-69B82FFF.MF4","317965.25775","255","255.0","driving","true"
"00000005-69B82FFF.MF4","317966.0491","0","255.0","driving","true"
"00000005-69B82FFF.MF4","317966.64314999996","255","255.0","driving","true"
"00000005-69B82FFF.MF4","317967.4351","0","255.0","driving","true"
"00000005-69B82FFF.MF4","317968.0291","255","255.0","driving","true"
"00000005-69B82FFF.MF4","317968.82125","0","255.0","driving","true"
"00000005-69B82FFF.MF4","317969.0191","255","255.0","driving","true"
"00000005-69B82FFF.MF4","317969.61309999996","0","255.0","driving","true"
"00000005-69B82FFF.MF4","317970.00909999997","255","255.0","driving","true"
"00000005-69B82FFF.MF4","317970.6031","0","255.0","driving","true"
"00000005-69B82FFF.MF4","317970.99909999996","255","255.0","driving","true"
"00000005-69B82FFF.MF4","317971.1971","0","255.0","driving","true"
"00000005-69B82FFF.MF4","317971.39509999997","255","255.0","driving","true"
"00000005-69B82FFF.MF4","317971.79135","0","255.0","driving","true"
"00000005-69B82FFF.MF4","317971.98905","255","255.0","driving","true"
"00000005-69B82FFF.MF4","317972.18705","0","255.0","driving","true"
"00000005-69B82FFF.MF4","317972.38505","255","255.0","driving","true"
"00000005-69B82FFF.MF4","317973.5731","0","255.0","driving","true"
"00000005-69B82FFF.MF4","317973.77125","255","255.0","driving","true"
"00000005-69B82FFF.MF4","317974.56309999997","0","255.0","driving","true"
"00000005-69B82FFF.MF4","317974.7613","255","255.0","driving","true"
"00000005-69B82FFF.MF4","317975.3567","0","255.0","driving","true"
"00000005-69B82FFF.MF4","317975.75279999996","255","255.0","driving","true"
"00000005-69B82FFF.MF4","317976.54455","0","255.0","driving","true"
"00000005-69B82FFF.MF4","317976.74275","255","255.0","driving","true"
"00000005-69B82FFF.MF4","317977.33665","0","255.0","driving","true"
"00000005-69B82FFF.MF4","317978.12854999996","255","255.0","driving","true"
"00000005-69B82FFF.MF4","317979.11855","0","255.0","driving","true"
"00000005-69B82FFF.MF4","317979.51454999996","255","255.0","driving","true"
"00000005-69B82FFF.MF4","317980.30665","0","255.0","driving","true"
"00000005-69B82FFF.MF4","317980.5045","255","255.0","driving","true"
"00000005-69B82FFF.MF4","317981.4945","0","255.0","driving","true"
"00000005-69B82FFF.MF4","317981.88905","255","255.0","driving","true"
"00000005-69B82FFF.MF4","317982.08705","0","255.0","driving","true"
"00000005-69B82FFF.MF4","317982.48305","255","255.0","driving","true"
"00000005-69B82FFF.MF4","317982.6812","0","255.0","driving","true"
"00000005-69B82FFF.MF4","317982.87905","255","255.0","driving","true"
"00000005-69B82FFF.MF4","317983.473","0","255.0","driving","true"
"00000005-69B82FFF.MF4","317983.87049999996","255","255.0","driving","true"
"00000005-69B82FFF.MF4","317985.057","0","255.0","driving","true"
"00000005-69B82FFF.MF4","317985.65119999996","255","255.0","driving","true"
"00000005-69B82FFF.MF4","317986.44299999997","0","255.0","driving","true"
"00000005-69B82FFF.MF4","317986.64115","255","255.0","driving","true"
"00000005-69B82FFF.MF4","317987.235","0","255.0","driving","true"
"00000005-69B82FFF.MF4","317988.027","255","255.0","driving","true"
"00000005-69B82FFF.MF4","317988.225","0","255.0","driving","true"
"00000005-69B82FFF.MF4","317988.62114999996","255","255.0","driving","true"
"00000005-69B82FFF.MF4","317989.21499999997","0","255.0","driving","true"
"00000005-69B82FFF.MF4","317990.007","255","255.0","driving","true"
"00000005-69B82FFF.MF4","317990.799","0","255.0","driving","true"
"00000005-69B82FFF.MF4","317991.39295","255","255.0","driving","true"
"00000005-69B82FFF.MF4","317991.59119999997","0","255.0","driving","true"
"00000005-69B82FFF.MF4","317991.78894999996","255","255.0","driving","true"
"00000005-69B82FFF.MF4","317991.98695","0","255.0","driving","true"
"00000005-69B82FFF.MF4","317992.38295","255","255.0","driving","true"
"00000005-69B82FFF.MF4","317993.37299999996","0","255.0","driving","true"
"00000005-69B82FFF.MF4","317993.769","255","255.0","driving","true"
"00000005-69B82FFF.MF4","317995.35455","0","255.0","driving","true"
"00000005-69B82FFF.MF4","317995.75045","255","255.0","driving","true"
"00000005-69B82FFF.MF4","317996.7404","0","255.0","driving","true"
"00000005-69B82FFF.MF4","317997.53255","255","255.0","driving","true"
"00000005-69B82FFF.MF4","317997.73045","0","255.0","driving","true"
"00000005-69B82FFF.MF4","317997.92845","255","255.0","driving","true"
"00000005-69B82FFF.MF4","317998.12645","0","255.0","driving","true"
"00000005-69B82FFF.MF4","317998.52259999997","255","255.0","driving","true"
"00000005-69B82FFF.MF4","317999.1164","0","255.0","driving","true"
"00000005-69B82FFF.MF4","317999.90839999996","255","255.0","driving","true"
"00000005-69B82FFF.MF4","318000.8984","0","255.0","driving","true"
"00000005-69B82FFF.MF4","318001.09495","255","255.0","driving","true"
"00000005-69B82FFF.MF4","318001.29355","0","255.0","driving","true"
"00000005-69B82FFF.MF4","318001.8884","255","255.0","driving","true"
"00000005-69B82FFF.MF4","318002.8784","0","255.0","driving","true"
"00000005-69B82FFF.MF4","318003.27455","255","255.0","driving","true"
"00000005-69B82FFF.MF4","318003.86689999996","0","255.0","driving","true"
"00000005-69B82FFF.MF4","318004.2629","255","255.0","driving","true"
"00000005-69B82FFF.MF4","318005.25289999996","0","255.0","driving","true"
"00000005-69B82FFF.MF4","318005.6489","255","255.0","driving","true"
"00000005-69B82FFF.MF4","318006.63889999996","0","255.0","driving","true"
"00000005-69B82FFF.MF4","318007.03489999997","255","255.0","driving","true"
"00000005-69B82FFF.MF4","318007.43105","0","255.0","driving","true"
"00000005-69B82FFF.MF4","318007.6289","255","255.0","driving","true"
"00000005-69B82FFF.MF4","318008.6189","0","255.0","driving","true"
"00000005-69B82FFF.MF4","318009.0149","255","255.0","driving","true"
"00000005-69B82FFF.MF4","318009.2129","0","255.0","driving","true"
"00000005-69B82FFF.MF4","318009.41115","255","255.0","driving","true"
"00000005-69B82FFF.MF4","318009.6089","0","255.0","driving","true"
"00000005-69B82FFF.MF4","318009.80689999997","255","255.0","driving","true"
"00000005-69B82FFF.MF4","318010.0049","0","255.0","driving","true"
"00000005-69B82FFF.MF4","318010.401","255","255.0","driving","true"
"00000005-69B82FFF.MF4","318010.99484999996","0","255.0","driving","true"
"00000005-69B82FFF.MF4","318011.58885","255","255.0","driving","true"
"00000005-69B82FFF.MF4","318012.57885","0","255.0","driving","true"
"00000005-69B82FFF.MF4","318013.17285","255","255.0","driving","true"
"00000005-69B82FFF.MF4","318013.371","0","255.0","driving","true"
"00000005-69B82FFF.MF4","318013.5689","255","255.0","driving","true"
"00000005-69B82FFF.MF4","318014.56035","0","255.0","driving","true"
"00000005-69B82FFF.MF4","318015.15434999997","255","255.0","driving","true"
"00000005-69B82FFF.MF4","318015.9463","0","255.0","driving","true"
"00000005-69B82FFF.MF4","318016.1443","255","255.0","driving","true"
"00000005-69B82FFF.MF4","318016.9363","0","255.0","driving","true"
"00000005-69B82FFF.MF4","318017.53034999996","255","255.0","driving","true"
"00000005-69B82FFF.MF4","318018.5203","0","255.0","driving","true"
"00000005-69B82FFF.MF4","318018.9163","255","255.0","driving","true"
"00000005-69B82FFF.MF4","318019.51029999997","0","255.0","driving","true"
"00000005-69B82FFF.MF4","318019.7083","255","255.0","driving","true"
"00000005-69B82FFF.MF4","318020.5003","0","255.0","driving","true"
"00000005-69B82FFF.MF4","318021.0943","255","255.0","driving","true"
"00000005-69B82FFF.MF4","318021.4903","0","255.0","driving","true"
"00000005-69B82FFF.MF4","318021.8863","255","255.0","driving","true"
"00000005-69B82FFF.MF4","318022.0843","0","255.0","driving","true"
"00000005-69B82FFF.MF4","318022.28255","255","255.0","driving","true"
"00000005-69B82FFF.MF4","318022.8748","0","255.0","driving","true"
"00000005-69B82FFF.MF4","318023.27105","255","255.0","driving","true"
"00000005-69B82FFF.MF4","318024.45879999996","0","255.0","driving","true"
"00000005-69B82FFF.MF4","318024.8548","255","255.0","driving","true"
"00000005-69B82FFF.MF4","318025.84479999996","0","255.0","driving","true"
"00000005-69B82FFF.MF4","318026.0428","255","255.0","driving","true"
"00000005-69B82FFF.MF4","318026.6368","0","255.0","driving","true"
"00000005-69B82FFF.MF4","318027.0328","255","255.0","driving","true"
"00000005-69B82FFF.MF4","318027.62679999997","0","255.0","driving","true"
"00000005-69B82FFF.MF4","318028.0228","255","255.0","driving","true"
"00000005-69B82FFF.MF4","318028.8148","0","255.0","driving","true"
"00000005-69B82FFF.MF4","318029.4088","255","255.0","driving","true"
"00000005-69B82FFF.MF4","318030.20094999997","0","255.0","driving","true"
"00000005-69B82FFF.MF4","318030.79475","255","255.0","driving","true"
"00000005-69B82FFF.MF4","318031.58674999996","0","255.0","driving","true"
"00000005-69B82FFF.MF4","318031.78475","255","255.0","driving","true"
"00000005-69B82FFF.MF4","318032.77485","0","255.0","driving","true"
"00000005-69B82FFF.MF4","318032.97274999996","255","255.0","driving","true"
"00000005-69B82FFF.MF4","318033.36874999997","0","255.0","driving","true"
"00000005-69B82FFF.MF4","318033.76475","255","255.0","driving","true"
"00000005-69B82FFF.MF4","318034.75625","0","255.0","driving","true"
"00000005-69B82FFF.MF4","318035.15239999996","255","255.0","driving","true"
"00000005-69B82FFF.MF4","318036.1424","0","255.0","driving","true"
"00000005-69B82FFF.MF4","318036.93425","255","255.0","driving","true"
"00000005-69B82FFF.MF4","318037.72625","0","255.0","driving","true"
"00000005-69B82FFF.MF4","318037.9242","255","255.0","driving","true"
"00000005-69B82FFF.MF4","318038.5182","0","255.0","driving","true"
"00000005-69B82FFF.MF4","318039.31035","255","255.0","driving","true"
"00000005-69B82FFF.MF4","318039.70619999996","0","255.0","driving","true"
"00000005-69B82FFF.MF4","318039.9042","255","255.0","driving","true"
"00000005-69B82FFF.MF4","318040.6962","0","255.0","driving","true"
"00000005-69B82FFF.MF4","318041.2903","255","255.0","driving","true"
"00000005-69B82FFF.MF4","318042.0808","0","255.0","driving","true"
"00000005-69B82FFF.MF4","318042.6747","255","255.0","driving","true"
"00000005-69B82FFF.MF4","318043.4667","0","255.0","driving","true"
"00000005-69B82FFF.MF4","318043.66469999996","255","255.0","driving","true"
"00000005-69B82FFF.MF4","318044.4567","0","255.0","driving","true"
"00000005-69B82FFF.MF4","318045.05085","255","255.0","driving","true"
"00000005-69B82FFF.MF4","318046.43669999996","0","255.0","driving","true"
"00000005-69B82FFF.MF4","318047.03095","255","255.0","driving","true"
"00000005-69B82FFF.MF4","318048.21869999997","0","255.0","driving","true"
"00000005-69B82FFF.MF4","318048.8127","255","255.0","driving","true"
"00000005-69B82FFF.MF4","318049.20869999996","0","255.0","driving","true"
"00000005-69B82FFF.MF4","318049.4067","255","255.0","driving","true"
"00000005-69B82FFF.MF4","318049.60469999997","0","255.0","driving","true"
"00000005-69B82FFF.MF4","318049.80264999997","255","255.0","driving","true"
"00000005-69B82FFF.MF4","318050.59465","0","255.0","driving","true"
"00000005-69B82FFF.MF4","318050.79264999996","255","255.0","driving","true"
"00000005-69B82FFF.MF4","318052.57464999997","0","255.0","driving","true"
"00000005-69B82FFF.MF4","318052.77265","255","255.0","driving","true"
"00000005-69B82FFF.MF4","318053.9607","0","255.0","driving","true"
"00000005-69B82FFF.MF4","318054.5561","255","255.0","driving","true"
"00000005-69B82FFF.MF4","318055.34825","0","255.0","driving","true"
"00000005-69B82FFF.MF4","318055.5461","255","255.0","driving","true"
"00000005-69B82FFF.MF4","318056.14009999996","0","255.0","driving","true"
"00000005-69B82FFF.MF4","318056.93234999996","255","255.0","driving","true"
"00000005-69B82FFF.MF4","318057.7241","0","255.0","driving","true"
"00000005-69B82FFF.MF4","317705.08655","255","255.0","driving","true"
"00000005-69B82FFF.MF4","318059.7041","0","255.0","driving","true"
"00000005-69B82FFF.MF4","318060.29819999996","255","255.0","driving","true"
"00000005-69B82FFF.MF4","318061.08859999996","0","255.0","driving","true"
"00000005-69B82FFF.MF4","318061.2866","255","255.0","driving","true"
"00000005-69B82FFF.MF4","318062.0786","0","255.0","driving","true"
"00000005-69B82FFF.MF4","318062.6726","255","255.0","driving","true"
"00000005-69B82FFF.MF4","318063.6626","0","255.0","driving","true"
"00000005-69B82FFF.MF4","318064.0586","255","255.0","driving","true"
"00000005-69B82FFF.MF4","318065.84075","0","255.0","driving","true"
"00000005-69B82FFF.MF4","318066.43455","255","255.0","driving","true"
"00000005-69B82FFF.MF4","318067.2266","0","255.0","driving","true"
"00000005-69B82FFF.MF4","318067.42459999997","255","255.0","driving","true"
"00000005-69B82FFF.MF4","318068.2166","0","255.0","driving","true"
"00000005-69B82FFF.MF4","318068.6126","255","255.0","driving","true"
"00000005-69B82FFF.MF4","318069.60255","0","255.0","driving","true"
"00000005-69B82FFF.MF4","318070.19655","255","255.0","driving","true"
"00000005-69B82FFF.MF4","318070.98855","0","255.0","driving","true"
"00000005-69B82FFF.MF4","317897.14694999997","255","255.0","driving","true"
"00000005-69B82FFF.MF4","318071.58255","0","255.0","driving","true"
"00000005-69B82FFF.MF4","318072.17655","255","255.0","driving","true"
"00000005-69B82FFF.MF4","318072.96855","0","255.0","driving","true"
"00000005-69B82FFF.MF4","318073.16654999997","255","255.0","driving","true"
"00000005-69B82FFF.MF4","318073.95999999996","0","255.0","driving","true"
"00000005-69B82FFF.MF4","318074.554","255","255.0","driving","true"
"00000005-69B82FFF.MF4","318075.544","0","255.0","driving","true"
"00000005-69B82FFF.MF4","318075.94","255","255.0","driving","true"
"00000005-69B82FFF.MF4","318077.524","0","255.0","driving","true"
"00000005-69B82FFF.MF4","318078.11799999996","255","255.0","driving","true"
"00000005-69B82FFF.MF4","318078.51399999997","0","255.0","driving","true"
"00000005-69B82FFF.MF4","318078.91","255","255.0","driving","true"
"00000005-69B82FFF.MF4","318079.7021","0","255.0","driving","true"
"00000005-69B82FFF.MF4","318079.89999999997","255","255.0","driving","true"
"00000005-69B82FFF.MF4","318080.0965","0","255.0","driving","true"
"00000005-69B82FFF.MF4","318080.29449999996","255","255.0","driving","true"
"00000005-69B82FFF.MF4","318081.4825","0","255.0","driving","true"
"00000005-69B82FFF.MF4","318081.8785","255","255.0","driving","true"
"00000005-69B82FFF.MF4","318082.4725","0","255.0","driving","true"
"00000005-69B82FFF.MF4","318082.6706","255","255.0","driving","true"
"00000005-69B82FFF.MF4","318082.8685","0","255.0","driving","true"
"00000005-69B82FFF.MF4","318083.06649999996","255","255.0","driving","true"
"00000005-69B82FFF.MF4","318083.66209999996","0","255.0","driving","true"
"00000005-69B82FFF.MF4","318084.0565","255","255.0","driving","true"
"00000005-69B82FFF.MF4","318084.4525","0","255.0","driving","true"
"00000005-69B82FFF.MF4","318084.65075","255","255.0","driving","true"
"00000005-69B82FFF.MF4","318084.84849999996","0","255.0","driving","true"
"00000005-69B82FFF.MF4","318085.0465","255","255.0","driving","true"
"00000005-69B82FFF.MF4","318085.6407","0","255.0","driving","true"
"00000005-69B82FFF.MF4","318086.03645","255","255.0","driving","true"
"00000005-69B82FFF.MF4","318087.2245","0","255.0","driving","true"
"00000005-69B82FFF.MF4","318087.8185","255","255.0","driving","true"
"00000005-69B82FFF.MF4","318088.61065","0","255.0","driving","true"
"00000005-69B82FFF.MF4","318088.80845","255","255.0","driving","true"
"00000005-69B82FFF.MF4","318089.6006","0","255.0","driving","true"
"00000005-69B82FFF.MF4","318090.19445","255","255.0","driving","true"
"00000005-69B82FFF.MF4","318090.5908","0","255.0","driving","true"
"00000005-69B82FFF.MF4","318090.78845","255","255.0","driving","true"
"00000005-69B82FFF.MF4","318091.58055","0","255.0","driving","true"
"00000005-69B82FFF.MF4","318092.17445","255","255.0","driving","true"
"00000005-69B82FFF.MF4","318093.16445","0","255.0","driving","true"
"00000005-69B82FFF.MF4","318093.7599","255","255.0","driving","true"
"00000005-69B82FFF.MF4","318094.35404999997","0","255.0","driving","true"
"00000005-69B82FFF.MF4","318094.5522","255","255.0","driving","true"
"00000005-69B82FFF.MF4","318094.7499","0","255.0","driving","true"
"00000005-69B82FFF.MF4","318094.94789999997","255","255.0","driving","true"
"00000005-69B82FFF.MF4","318095.344","0","255.0","driving","true"
"00000005-69B82FFF.MF4","318095.54209999996","255","255.0","driving","true"
"00000005-69B82FFF.MF4","318095.7399","0","255.0","driving","true"
"00000005-69B82FFF.MF4","318095.93789999996","255","255.0","driving","true"
"00000005-69B82FFF.MF4","318097.522","0","255.0","driving","true"
"00000005-69B82FFF.MF4","318097.9179","255","255.0","driving","true"
"00000005-69B82FFF.MF4","318099.1044","0","255.0","driving","true"
"00000005-69B82FFF.MF4","318099.3024","255","255.0","driving","true"
"00000005-69B82FFF.MF4","318099.50059999997","0","255.0","driving","true"
"00000005-69B82FFF.MF4","318099.6984","255","255.0","driving","true"
"00000005-69B82FFF.MF4","318100.0944","0","255.0","driving","true"
"00000005-69B82FFF.MF4","318100.2924","255","255.0","driving","true"
"00000005-69B82FFF.MF4","318100.49055","0","255.0","driving","true"
"00000005-69B82FFF.MF4","318100.6884","255","255.0","driving","true"
"00000005-69B82FFF.MF4","318101.4811","0","255.0","driving","true"
"00000005-69B82FFF.MF4","318101.67984999996","255","255.0","driving","true"
"00000005-69B82FFF.MF4","318101.87785","0","255.0","driving","true"
"00000005-69B82FFF.MF4","318102.07584999996","255","255.0","driving","true"
"00000005-69B82FFF.MF4","318102.86785","0","255.0","driving","true"
"00000005-69B82FFF.MF4","318103.0644","255","255.0","driving","true"
"00000005-69B82FFF.MF4","318103.2624","0","255.0","driving","true"
"00000005-69B82FFF.MF4","318103.8564","255","255.0","driving","true"
"00000005-69B82FFF.MF4","318104.84635","0","255.0","driving","true"
"00000005-69B82FFF.MF4","318105.44049999997","255","255.0","driving","true"
"00000005-69B82FFF.MF4","318106.23235","0","255.0","driving","true"
"00000005-69B82FFF.MF4","318106.43055","255","255.0","driving","true"
"00000005-69B82FFF.MF4","318107.0244","0","255.0","driving","true"
"00000005-69B82FFF.MF4","318107.8164","255","255.0","driving","true"
"00000005-69B82FFF.MF4","318109.00435","0","255.0","driving","true"
"00000005-69B82FFF.MF4","318109.20235","255","255.0","driving","true"
"00000005-69B82FFF.MF4","318109.40054999996","0","255.0","driving","true"
"00000005-69B82FFF.MF4","318109.79634999996","255","255.0","driving","true"
"00000005-69B82FFF.MF4","318110.58835","0","255.0","driving","true"
"00000005-69B82FFF.MF4","318111.18234999996","255","255.0","driving","true"
"00000005-69B82FFF.MF4","318111.97435","0","255.0","driving","true"
"00000005-69B82FFF.MF4","318112.17235","255","255.0","driving","true"
"00000005-69B82FFF.MF4","318113.16229999997","0","255.0","driving","true"
"00000005-69B82FFF.MF4","318113.5598","255","255.0","driving","true"
"00000005-69B82FFF.MF4","318114.5498","0","255.0","driving","true"
"00000005-69B82FFF.MF4","318115.14379999996","255","255.0","driving","true"
"00000005-69B82FFF.MF4","318116.7278","0","255.0","driving","true"
"00000005-69B82FFF.MF4","318117.1238","255","255.0","driving","true"
"00000005-69B82FFF.MF4","318118.1138","0","255.0","driving","true"
"00000005-69B82FFF.MF4","318118.31049999996","255","255.0","driving","true"
"00000005-69B82FFF.MF4","318119.10229999997","0","255.0","driving","true"
"00000005-69B82FFF.MF4","318119.30205","255","255.0","driving","true"
"00000005-69B82FFF.MF4","318120.4898","0","255.0","driving","true"
"00000005-69B82FFF.MF4","318121.08375","255","255.0","driving","true"
"00000005-69B82FFF.MF4","318121.87575","0","255.0","driving","true"
"00000005-69B82FFF.MF4","318122.0723","255","255.0","driving","true"
"00000005-69B82FFF.MF4","318122.4683","0","255.0","driving","true"
"00000005-69B82FFF.MF4","318123.0623","255","255.0","driving","true"
"00000005-69B82FFF.MF4","318123.8543","0","255.0","driving","true"
"00000005-69B82FFF.MF4","318124.0523","255","255.0","driving","true"
"00000005-69B82FFF.MF4","318124.64625","0","255.0","driving","true"
"00000005-69B82FFF.MF4","318125.04225","255","255.0","driving","true"
"00000005-69B82FFF.MF4","318125.24045","0","255.0","driving","true"
"00000005-69B82FFF.MF4","318125.43825","255","255.0","driving","true"
"00000005-69B82FFF.MF4","318126.2304","0","255.0","driving","true"
"00000005-69B82FFF.MF4","318126.8243","255","255.0","driving","true"
"00000005-69B82FFF.MF4","318127.0223","0","255.0","driving","true"
"00000005-69B82FFF.MF4","318127.22034999996","255","255.0","driving","true"
"00000005-69B82FFF.MF4","318127.61624999996","0","255.0","driving","true"
"00000005-69B82FFF.MF4","318128.2105","255","255.0","driving","true"
"00000005-69B82FFF.MF4","318128.40825","0","255.0","driving","true"
"00000005-69B82FFF.MF4","318128.80425","255","255.0","driving","true"
"00000005-69B82FFF.MF4","318129.99225","0","255.0","driving","true"
"00000005-69B82FFF.MF4","318130.19039999996","255","255.0","driving","true"
"00000005-69B82FFF.MF4","318130.58625","0","255.0","driving","true"
"00000005-69B82FFF.MF4","318130.78424999997","255","255.0","driving","true"
"00000005-69B82FFF.MF4","318130.98225","0","255.0","driving","true"
"00000005-69B82FFF.MF4","318131.1804","255","255.0","driving","true"
"00000005-69B82FFF.MF4","318132.36825","0","255.0","driving","true"
"00000005-69B82FFF.MF4","318132.7642","255","255.0","driving","true"
"00000005-69B82FFF.MF4","318133.35985","0","255.0","driving","true"
"00000005-69B82FFF.MF4","318133.5577","255","255.0","driving","true"
"00000005-69B82FFF.MF4","318134.74569999997","0","255.0","driving","true"
"00000005-69B82FFF.MF4","318134.9437","255","255.0","driving","true"
"00000005-69B82FFF.MF4","318135.33979999996","0","255.0","driving","true"
"00000005-69B82FFF.MF4","318135.5377","255","255.0","driving","true"
"00000005-69B82FFF.MF4","318135.73569999996","0","255.0","driving","true"
"00000005-69B82FFF.MF4","318135.9337","255","255.0","driving","true"
"00000005-69B82FFF.MF4","318136.32985","0","255.0","driving","true"
"00000005-69B82FFF.MF4","318136.5277","255","255.0","driving","true"
"00000005-69B82FFF.MF4","318136.7257","0","255.0","driving","true"
"00000005-69B82FFF.MF4","318136.9237","255","255.0","driving","true"
"00000005-69B82FFF.MF4","318138.11189999996","0","255.0","driving","true"
"00000005-69B82FFF.MF4","318138.50769999996","255","255.0","driving","true"
"00000005-69B82FFF.MF4","318139.1018","0","255.0","driving","true"
"00000005-69B82FFF.MF4","318139.2998","255","255.0","driving","true"
"00000005-69B82FFF.MF4","318139.4977","0","255.0","driving","true"
"00000005-69B82FFF.MF4","318139.6957","255","255.0","driving","true"
"00000005-69B82FFF.MF4","318140.09184999997","0","255.0","driving","true"
"00000005-69B82FFF.MF4","318140.68565","255","255.0","driving","true"
"00000005-69B82FFF.MF4","318140.88365","0","255.0","driving","true"
"00000005-69B82FFF.MF4","318141.0818","255","255.0","driving","true"
"00000005-69B82FFF.MF4","318141.4762","0","255.0","driving","true"
"00000005-69B82FFF.MF4","318141.6742","255","255.0","driving","true"
"00000005-69B82FFF.MF4","318151.17815","255","255.0","driving","true"
"00000005-69B82FFF.MF4","318148.60414999997","255","255.0","driving","true"
